key,ru,en
ui.art.adaptive_help.0,Версия без рекламы,
ui.art.adaptive_help.1,"Автор: Луканин Никита
Версия: {version}

Материалы тестов:
Kotbayun, UsVsTh3m и др.",
ui.art.adaptive_menu.0,выход,
ui.art.adaptive_menu.1,справка,
ui.art.adaptive_menu.2,Тесты,
ui.art.adaptive_menu.3,Эпизоды,
ui.art.adaptive_menu_off.0,выход,
ui.art.adaptive_menu_off.1,справка,
ui.art.adaptive_menu_off.2,Тесты,
ui.art.adaptive_menu_off.3,Эпизоды,
ui.art.adaptive_selector_0.0,Начать,
ui.art.adaptive_selector_0.1,Концовки:,
ui.art.adaptive_selector_1.0,Начать,
ui.art.adaptive_selector_10.0,Начать,
ui.art.adaptive_selector_11.0,Начать,
ui.art.adaptive_selector_11.1,Концовки:,
ui.art.adaptive_selector_2.0,Начать,
ui.art.adaptive_selector_2.1,Концовки:,
ui.art.adaptive_selector_3.0,Начать,
ui.art.adaptive_selector_4.0,Начать,
ui.art.adaptive_selector_4.1,Концовки:,
ui.art.adaptive_selector_5.0,Начать,
ui.art.adaptive_selector_5.1,Концовки:,
ui.art.adaptive_selector_6.0,Начать,
ui.art.adaptive_selector_7.0,Начать,
ui.art.adaptive_selector_7.1,Концовки:,
ui.art.adaptive_selector_8.0,Начать,
ui.art.adaptive_selector_9.0,Начать,
ui.art.adaptive_selector_9.1,Концовки:,
ui.art.layout_pause.0,выйти из игры,
ui.art.layout_pause.1,выйти в меню,
ui.art.layout_pause.2,начать заново,
ui.art.result_alive.0,ваши результаты:,
ui.art.result_dead.0,ваши результаты:,
ui.city_gameplay.1,Забрать,
ui.city_gameplay.2,Закрыть выбор,
ui.city_gameplay.3,Пауза,
ui.main.1,Эпизод ,
ui.main.10,Сервис достижений ещё не подключён.,
ui.main.11,Продолжить,
ui.main.12,Последний результат: отсутствует,
ui.main.13,Количество вопросов: ,
ui.main.14,Финалы: %d/%d,
ui.main.15,Предыдущий,
ui.main.16,Следующий,
ui.main.17,Начать,
ui.main.18,Закрыть,
ui.main.19,Интерфейс восстановлен. Игровая часть этого раздела ещё не перенесена.,
ui.main.2,Новый сюжет,
ui.main.20,Закрыть справку,
ui.main.21,Назад,
ui.main.22,Начать заново?,
ui.main.23,Текущее прохождение будет заменено.,
ui.main.24,Звук: ,
ui.main.25,Вкл,
ui.main.26,Выкл,
ui.main.27,Продолжить,
ui.main.28,Начать заново,
ui.main.29,Звук,
ui.main.3,Эпизоды,
ui.main.30,Выйти в меню,
ui.main.31,Выйти из игры,
ui.main.32,Начать,
ui.main.33,Понятно,
ui.main.34,Отмена,
ui.main.35,Следующий канал,
ui.main.36,Выключить телевизор,
ui.main.37,Забрать ключи,
ui.main.38,Продолжение,
ui.main.39,В меню,
ui.main.4,Тесты,
ui.main.40,Выйти на улицу,
ui.main.41,Смотреть последние новости,
ui.main.42,Выйти на улицу,
ui.main.43,Взять ключи,
ui.main.44,Первый этаж,
ui.main.45,Далее,
ui.main.46,Пауза,
ui.main.5,Справка,
ui.main.6,Выход,
ui.main.7,Звук,
ui.main.8,Достижения,
ui.main.9,Достижения,
ui.main.channel_format,CH %d,
ui.quest_state.1,Сохранение восстановлено из резервной копии.,
ui.quest_state.2,Не удалось записать сохранение.,
ui.quest_state.3,Ошибка записи сохранения.,
ui.quest_state.4,Не удалось создать резервную копию.,
ui.quest_state.5,Не удалось обновить сохранение.,
ui.result_screen.1,Итог: жив,
ui.result_screen.2,Итог: мертв,
ui.result_screen.3,Начать заново,
ui.result_screen.4,В меню,
ui.result_screen.5,Следующий эпизод,
ui.selectors.10.description,Вы переживете нашествие зомби и построите цивилизацию заново? Или погибнете в первые дни апокалипсиса? Проверьте!,
ui.selectors.10.title,IV. Эра мертвецов,
ui.selectors.11.description,Серьезный тест на знание и владение огнестрельным и другими видами оружия,
ui.selectors.11.title,V. Оружейник,
ui.selectors.3.description,Монстр? Палач? Психопат? Никто не знал и толики правды об этом человеке,
ui.selectors.3.title,Веб-эпизод I. Джон,
ui.selectors.4.description,"Его не сломать, Джек зубами будет выгрызать себе право жить. Выход близко, но хватит ли сил добраться?",
ui.selectors.4.title,IV. Исход,
ui.selectors.5.description,"Тучи сгущаются над спящим Нью-Тауном, и бегство — лучший выход. Но от некоторых проблем не скрыться.",
ui.selectors.5.title,V. Смерть в воздухе,
ui.selectors.6.description,"Здесь ничто не стоит на месте. И ты либо приспособлен, либо мертв — законы нового мира предельно просты.",
ui.selectors.6.title,VI. Рассвет,
ui.selectors.7.description,"Нестандартный тест, предсказывающий вашу судьбу во время зомби-апокалипсиса (основан на шаблонах из фильмов).",
ui.selectors.7.title,I. «Киношный» апокалипсис,
ui.selectors.8.description,Тест на вашу подготовленность к внезапному зомби-апокалипсису.,
ui.selectors.8.title,II. Всегда готов,
ui.selectors.9.description,"Вы думаете, что знаете все и способны выжить даже в кишащем мертвецами мегаполисе? Проверим?",
ui.selectors.9.title,III. Эксперт по выживанию,
ui.story_activity.1,Далее,
ui.story_activity.2,Проверить,
ui.story_activity.3,Осталось попыток: ,
ui.story_activity.4,Нажать,
ui.story_activity.5,Нажать,
ui.story_activity.6,Нажать,
ui.story_activity.7,Пауза,
ui.story_activity.8,Неверный код. Осталось попыток: ,
ui.story_activity.9,%.1f с · Нажатия %d/%d,
ui.qte.press,Жми!,Press!
